{
  "ece": 0.14950626917823998,
  "n_bins": 10,
  "calibration_curve": {
    "predicted": [
      0.04633403058716641,
      0.15582702261531892,
      0.2396817665613452,
      0.3510977332514947,
      0.44222337626064956,
      0.5554420733748682,
      0.6482555560637503,
      0.7503974040882453,
      0.8498393144424228,
      0.9482141988517995
    ],
    "actual": [
      0.0,
      0.0625,
      0.5,
      0.32,
      0.782608695652174,
      0.696969696969697,
      0.8387096774193549,
      0.9411764705882353,
      0.9375,
      1.0
    ]
  },
  "interpretation": "reasonably_calibrated"
}