{
  "n_folds": 15,
  "mean_auroc": 0.7039106701413335,
  "std_auroc": 0.08748570670529546,
  "ci_95_t": [
    0.6554627006172028,
    0.7523586396654641
  ],
  "ci_95_bootstrap": [
    0.6607305072353199,
    0.7452980595380485
  ],
  "effect_size": {
    "delta": 0.06991067014133345,
    "cohens_d": 0.799109623436371
  }
}